Customer_id,Product_id,reviews
340,9,Check thank he.
476,161,Result feel item partner environmental best.
272,32,Off nor local theory address.
3,241,To specific citizen assume.
70,57,Population foreign choice.
39,269,Whole health common.
482,37,Far plant idea himself.
468,230,Above garden per little population choose.
208,290,Every collection toward almost hospital room.
429,285,Green might fast health degree message.
1,33,Serve plan every walk front institution line.
13,49,Sometimes raise sound.
477,261,Serious seem significant bad.
233,75,Ahead wonder everyone be would us least.
52,65,Culture member fly college citizen position.
89,208,Then state soon draw water.
225,122,Score place social.
408,52,Interesting six again pass create fast of fund.
124,6,Player public son seat sell.
245,251,Movie bill thing that.
211,64,Rule special evening despite anything record.
477,193,Long huge travel yet accept.
331,270,Candidate two but couple sea company.
186,292,Investment decision thought author everybody.
115,248,Political less oil middle raise begin.
127,52,You key first try society because work.
11,87,Audience beautiful war pull.
495,62,Result high pressure west news move none role.
455,279,As instead investment every.
228,240,Adult end challenge management blue.
51,36,Operation report baby trip them bank rise amount.
212,204,Network yes analysis painting white although city back.
481,267,Listen station after letter guy.
444,277,Perform newspaper accept entire plant debate institution.
7,227,Especially war care nothing hundred determine.
165,174,Yourself outside wait during record mission.
430,6,Someone bring owner traditional.
262,55,Ground check move feeling most.
7,181,Bed could expert affect mouth either.
385,113,Remain follow side candidate star.
259,293,Authority girl herself hotel future media economic.
208,283,System decide around production from modern property.
266,6,Federal process service day individual performance finish skin.
373,212,Brother family face power.
30,195,Consider report international number soldier.
78,193,Treatment thousand play.
300,291,Practice personal however what story box.
440,22,Although be significant this culture speech goal.
164,19,Should field lead say itself professor suffer.
270,239,Able good tax eat by where concern.
361,189,With likely agree anything.
353,49,Clear place Mrs million report.
479,25,Right any Mr.
242,299,Hard truth argue product history investment him.
430,86,Particular condition respond similar join recent industry worker.
202,225,Science treat us near policy.
368,37,Continue after state rise crime.
2,194,Maintain purpose score individual forget entire himself.
425,273,Believe low table to order.
372,154,Fact policy talk more activity.
450,188,Work food lawyer push use indicate turn.
208,256,Wear structure up speech someone million beat my.
112,109,Art store cost and management little live.
345,45,Level option during point.
379,103,Popular performance particular hit who role.
204,5,Into structure law standard bring structure.
153,173,Worker group agency scientist why watch call.
326,49,Represent try network effort final.
306,52,Seem rise strong civil station.
320,164,Break follow property mouth trouble.
103,96,Commercial standard voice possible community somebody.
134,60,Still heavy move born former from so.
273,235,Piece entire campaign likely protect new.
342,33,Fine against charge.
2,82,Stuff guy activity because.
413,114,Opportunity child dinner nice.
17,226,Attack near same after.
62,297,Role energy raise situation sort late.
334,11,Never air light stand.
194,300,Training become enter.
335,198,Training husband should everybody whole.
303,45,Pass subject rule.
430,180,Idea push cup compare.
168,253,Focus this both.
116,97,Clear machine safe center goal north.
124,74,Series tree watch environment Mr role fact.
286,158,Hard list term treat mention buy hotel even.
316,136,Law on accept close run collection.
214,149,Make tax significant low pull think decide simply.
118,149,Mean strong tax.
482,182,Fear program dream agreement true.
92,171,American tonight apply ready continue section college lot.
346,235,Scene stand then thought clear such campaign.
258,98,Project data low future score top.
247,100,Answer include list require hold find.
368,252,Child money western quality.
314,1,Law on recent wife.
459,196,Certain key theory forget find sea section.
96,236,Across east citizen size daughter no tend.
491,4,Week support member natural.
40,152,Face save politics say mean west power movie.
342,29,Role tonight seem position.
492,167,Size fall executive.
347,165,Little low once increase positive off.
500,202,Resource bring claim left forget spend.
20,222,War grow image identify.
81,253,Already account thing scientist several.
202,10,So candidate always within reason certain job.
162,127,Us court our road between off throughout.
2,100,Avoid around style once tree camera.
31,25,Friend to usually.
15,112,Particular main board across.
140,245,House adult now ball they glass.
469,55,Ask themselves statement for car writer party.
57,109,Determine present believe move newspaper their approach.
143,118,Figure affect college measure collection manager.
292,203,Do free in build lawyer.
41,148,Week impact consumer development father player finish lead.
443,99,Activity edge who though talk from soon rather.
11,139,Perform line give maybe various million.
347,110,Mind rate sound practice during collection then watch.
281,297,Left think pretty check interesting good argue.
110,235,Notice serious whole any sit tax.
279,44,At range available name bit.
346,116,High while second century appear response side.
499,244,Training moment build cold street better.
480,298,Travel notice back guy.
300,165,Store social get seven debate.
1,143,Herself other friend pull.
73,268,Task indeed you provide and.
267,240,Writer three player clearly.
173,194,Develop increase east.
379,288,Discover gas order produce doctor customer place simply.
302,254,Air save development.
347,289,Despite word thought.
360,58,Professor structure little dark particularly investment inside.
72,160,Fear administration push red laugh often control.
488,214,Theory enough answer when admit parent.
317,190,Size husband new.
362,34,Pm despite notice state.
62,242,Good life since risk can strong.
186,99,Current just argue brother.
314,49,Question enjoy clear other.
229,123,As speak effort behavior morning.
403,145,Sort dog bill each reach.
260,62,Perform official mother rule you glass.
289,211,Family start try idea tell lot.
250,37,Miss open while.
410,293,Family occur wife key.
497,279,On read particularly rest federal describe.
480,191,Can carry affect people through leg top.
411,150,Although wear director toward.
155,192,Although whose wind catch myself change authority.
171,18,Last responsibility agent tax seven production.
54,289,Daughter little parent group bring past.
245,38,Music within wide table.
469,290,Option water partner top.
298,109,Country future author fact want cost.
246,149,Soon then exist out.
315,49,What government within use even whom real.
207,270,Capital decade sister station him something.
424,34,Who form walk to dinner culture between.
450,191,Hair exactly fund forward paper above whose.
112,229,Administration economy election data street.
103,236,Government machine risk build.
484,232,Team as myself which.
154,288,Event help meeting similar easy put direction eat.
130,238,Risk material all others us white appear.
281,146,Tree nation level lay draw we thousand.
500,181,Discussion since blood most treat could.
19,300,Whether subject language threat air offer.
453,148,High catch without.
456,251,Prepare enough vote thank decade close since hotel.
127,239,After room happen.
148,147,Where bring late of prepare politics.
94,256,Management old term girl technology beyond hair.
272,80,Condition simple high professor.
78,54,Listen wish already out behavior product.
422,137,Meeting toward where do.
255,167,Its owner officer large this check over.
62,198,Early magazine four act book.
353,185,Heavy learn figure although TV.
71,248,Leave religious father drop son could.
161,195,Skill else face natural artist outside.
500,220,Fire account specific he.
465,250,Great successful rock degree challenge.
216,66,Rich nature mention sport enough research.
119,174,She common across subject wind.
331,281,Box onto ahead listen home magazine left.
362,121,Stock kind hear buy through.
119,46,Onto staff positive.
17,178,Direction away during service various test medical.
107,233,Open weight young well candidate ahead.
97,97,Because woman everybody.
167,291,Office seem newspaper garden recent political at.
237,257,Deal writer state manage call.
381,127,Despite meeting property hospital south right.
378,222,From begin heart even American.
65,233,Mean forward phone probably house yard.
224,135,Others painting common within candidate.
378,158,Memory action improve.
345,182,Write Republican accept time.
438,72,Scene much condition.
199,33,Wonder perhaps few child military teacher.
431,249,Husband claim shake education.
404,298,Ready south personal.
410,265,Partner store off old east season.
183,156,Tree claim minute act suffer sometimes make money.
291,35,Worker wall southern you throughout during participant.
73,220,Trial Democrat research Mrs else.
186,115,Citizen little job.
87,148,Eye green this media really then shoulder.
42,110,Realize month information part understand approach with.
99,248,Recent technology third of family those pass.
224,133,During yourself consumer life machine.
321,109,Fine reach sound season yeah indicate.
41,284,Husband employee board however finally.
74,132,Mention cell central will themselves enough.
14,46,Rule together partner want base interesting.
163,296,Still help receive build.
498,282,Couple share understand blood dinner science.
8,251,Miss indeed operation.
197,165,Show during success until receive.
422,31,Appear suddenly exist read question not.
150,108,Them share across occur dog become.
95,174,Less own return discover design say.
429,81,Leader fight usually end local.
266,142,Real brother particularly several situation still develop.
483,122,Long tree memory between third.
453,184,Find bit tell even teach.
27,196,Ok those ten wish everybody present night be.
136,300,Accept administration wind service rate.
41,89,War imagine discuss present ask than.
197,299,Support consider tell next maybe.
394,13,Student attention ball site recent image as.
40,227,Hair law summer lot evidence condition.
436,13,Worry bed establish hour realize.
157,167,Way kind doctor apply resource win nor.
314,168,Newspaper station movie when particularly human pretty.
459,169,Turn address people with.
484,214,Single among method or smile.
225,49,Recent and expect visit college sort.
128,66,East network floor seat fund technology.
167,161,Officer shake end.
436,262,Consider cut order.
410,223,You life begin imagine course church.
277,296,Property simply within will.
23,129,Approach benefit indeed where.
107,91,Network blue yard summer project force.
436,40,Dog out matter.
469,185,Whatever I yet yourself wear four next change.
182,243,Actually growth social travel late.
455,49,Trade memory increase class relate degree organization.
246,146,Style interest keep issue magazine how road.
124,201,Sell west same whole religious size.
143,80,Plan on write front whatever goal mouth.
236,51,Remember situation effect option.
439,74,Relate start interest water those.
4,141,Have decide whom fact hand wish.
101,111,Third visit test performance couple medical.
97,277,Yet forget sister heavy someone girl present.
109,281,Represent stay tend news hot case table.
321,62,Rock capital shake Mr cover.
194,291,Simply off represent inside.
427,215,Collection article enjoy check billion each.
67,298,Citizen black small teach.
269,35,Whether crime old smile state.
185,91,Thus involve according could.
22,164,Performance building project third certain between language clear.
39,183,Room total staff family skill protect over.
297,290,Worry tend task story all.
47,16,Participant worry ago news.
120,216,Ahead attention energy offer policy stage great.
315,140,Cost may quite trouble the.
428,158,Evidence goal water rich charge meet picture.
237,264,Fear turn success popular model.
238,128,Do fly medical general office small.
152,2,Movie specific rule network dinner.
255,243,Anyone too establish research.
96,37,Kind toward chance.
85,64,Us heavy foreign federal.
211,236,Get top language few service.
432,69,Truth one summer result rock fine.
445,158,Agreement old move weight full.
352,130,Tax research public store full nearly itself.
348,156,Treatment worry security career first laugh.
403,256,Source toward method attorney present simply.
309,11,Although behind radio seem call single theory.
324,218,Strong loss leave pick.
137,30,Month per edge few.
226,104,Him bring social million billion clearly.
449,88,Use world I claim partner camera himself stand.
482,288,Left system call skill doctor street.
352,220,Skill piece seven kid despite.
494,206,Total class trip read still.
346,94,Table business soon.
432,155,Research because send represent good.
392,250,Final along bill owner fall morning business.
139,144,Choice art happy realize herself.
406,113,Town control force economy strategy second way.
207,116,Try our coach strong want.
477,210,Produce growth thank vote law knowledge.
238,299,Play serve institution fear chair.
213,104,Feeling training without white.
459,76,Skin cause wide account race treatment response east.
90,129,Research say product former despite attention stop standard.
365,167,Admit policy a argue dog sometimes each project.
391,184,Current local understand run.
277,245,Ability difference stand risk.
445,227,Still model seem be.
402,66,Address identify chance sea take.
92,223,Front clear set.
353,281,List serious and.
500,168,Pull best spend.
244,57,May sign could hour.
262,182,Kitchen time meet sound win music.
223,175,Situation throughout music country popular memory.
251,53,Smile outside trip car lot.
217,17,Weight less huge method.
62,235,Fish soldier top.
458,200,Week around interview who.
115,139,Sister seek before enjoy around discussion dream give.
87,56,Strong also huge attorney walk woman seek.
472,274,Policy each woman oil speech improve degree.
294,34,Special might end actually picture.
46,88,Add until month network condition per chair discover.
104,99,Friend few by plant push room.
289,94,Break card worry scene rest.
240,77,Couple class himself force.
464,167,Trip best source dark.
192,9,Poor sell friend open without science technology.
192,203,Through speak single new across value voice enjoy.
462,273,Usually eye nor under note.
239,112,Glass organization answer star case.
351,107,Main rich exactly mouth though test chance.
470,270,Skin maybe those fact.
400,114,Stay protect walk special this evidence.
70,262,Ahead knowledge west ok cost.
112,234,Kind rest teach already business.
489,39,Specific yard accept may.
66,174,Enough relationship thought.
40,260,Close trade always word.
89,201,Agency coach long point green total treat.
5,133,Cell for institution.
360,165,Collection movement official message away exactly.
286,183,Board game couple mouth tree really herself.
254,214,Student else maybe discussion.
159,258,Ten whom today fund without.
57,195,Read me include own.
151,59,Site up thought conference decide maybe focus.
340,85,People station action suddenly.
4,183,Image fund later three sometimes.
479,126,Front college family place herself.
369,273,Free prepare product remember.
370,212,Area medical through that.
29,184,Light until spend feel account.
90,80,Suggest listen right pattern in prepare.
332,219,Edge weight discussion everybody trip fine.
362,162,Both may popular pull or firm fish.
122,122,Instead business large but say stage.
159,134,Stay society meeting agree study position best girl.
231,187,Research hand section performance believe organization cultural.
127,171,Candidate three Mrs have develop.
80,5,Deep senior effect something mind long view.
145,126,Tend model expert later.
473,62,Life ready bag source act throw.
223,177,Figure act foot true.
14,254,Without film oil low unit important.
287,27,Detail its knowledge hard seek for option.
289,240,Approach since address member already.
39,104,Church because senior billion out still.
313,53,Gas herself result attorney.
146,170,Form dog air poor.
392,32,Culture late part car.
147,153,Similar evening plan.
366,256,Heavy threat growth country someone.
363,123,Eat citizen meeting land skill church.
227,247,Accept serve always safe participant purpose.
243,216,Almost firm plan two action anyone feeling.
110,271,New far successful reflect evening church hold.
444,95,Information describe board face available.
339,55,Subject rest role bag choose.
159,122,Pretty health daughter brother brother well test.
232,39,Amount kid whatever institution listen Congress woman.
130,130,Score scene character gas citizen church majority.
435,240,Blood painting energy fly other base throughout.
269,103,Condition that meeting travel.
242,145,Despite culture ok statement.
28,49,Fast consumer help able voice everyone management.
66,12,Return create seat prevent common population when.
325,147,Worry begin film car.
353,235,Instead consider suggest foreign painting thousand.
81,258,Benefit discuss notice.
189,26,Audience head pay five laugh decision somebody soldier.
457,89,Image long tonight practice.
474,154,Effort or get maybe attack.
228,221,Air easy ten will college look.
384,110,Trial voice similar service beautiful good present.
105,13,Also moment how top traditional drug kitchen bar.
480,69,Again state letter list.
131,284,Marriage question child indicate raise.
57,123,Magazine wind age price green.
326,156,Single study magazine beautiful price agent church.
382,85,Western little maybe even he.
391,187,Particular well market measure number speech.
466,251,Understand only story subject travel new.
140,246,Its world over business offer.
47,120,Give tell turn issue act.
7,207,Past despite fear human according.
396,92,President establish early tax improve military draw.
453,114,Else difficult wear available example treatment no.
96,152,Parent hot hour hotel.
54,195,Your mission bar same news often.
26,288,Issue great many court.
278,125,Ten miss side increase.
146,293,Study take miss.
115,272,Perhaps work class also.
366,271,All difference look.
138,260,Social magazine stock kitchen finally stage.
227,263,Woman including wall people area argue.
232,246,Not fight center inside develop outside.
435,218,National mind game series bit operation want.
486,55,Better school own establish as.
165,49,Yes something Democrat many man.
209,227,Simple evening seek meet we staff represent.
284,239,And soldier recognize ball think ahead wind edge.
164,269,Policy outside drive happy heart.
86,189,Behind figure stay near.
338,101,Among practice under can individual major pressure what.
435,145,Eye sometimes under strong worker after away.
35,21,Generation recognize line result sign.
283,202,Baby me similar care space.
30,141,They west role education clear check.
473,169,Simple must recent couple begin control today.
447,195,Adult significant as population do bit.
379,24,Task other analysis long.
412,116,Fast staff bank against yeah.
279,146,Traditional kitchen enough cover usually.
345,267,Shoulder garden generation which.
71,213,Newspaper poor official stuff involve chair perhaps.
434,27,Environment inside hour light citizen remember control voice.
288,200,Anyone film say somebody though mouth.
140,176,Field rise while different.
453,13,Happen adult people tax possible.
88,21,Move different agreement theory which if.
21,267,Agree teacher west know.
288,202,Deep understand produce.
26,294,Police little chair section mission tend.
282,274,Western as break wide arm change wait.
396,236,Administration drug gun paper short whether.
303,55,Very these church.
482,138,Late either choice claim expect yourself you.
141,55,Central direction pressure.
373,66,Herself music live soldier walk foreign.
135,104,Mouth forget scene figure.
409,78,Method market dinner national know.
226,269,And water TV style area whole.
112,66,Effort into color respond century attack physical.
121,10,Democrat end position part always instead find.
430,38,Two so although sit different.
118,203,Star nature more oil factor several.
456,101,Say product product.
136,17,Account suddenly letter type price.
400,53,Coach away religious growth loss cup.
44,16,Drug reflect find.
65,46,They exactly candidate wish president.
393,190,Key under wish provide full pass.
227,28,Go structure process audience chance thousand no.
178,155,Board risk technology leave image hand life result.
269,71,Surface southern various information.
415,238,Of democratic role what real study put.
367,112,Season machine marriage cold.
91,173,Staff suffer would.
401,149,Lot teach I west amount tree.
256,130,Medical civil radio discover ahead office.
263,47,Law media wait impact.
30,206,Live training show.
489,226,Usually action south who which successful happy.
282,68,Allow doctor night ready prove white parent.
203,93,Wrong we music real fish.
26,268,Away coach here.
244,139,Nature effect but understand pick.
459,74,Sense already effect guess risk thousand politics.
382,289,Become free against me country right.
92,96,Natural response for fill late seem sell.
25,241,Sing actually imagine practice seem miss.
116,83,Meet agent project.
433,78,Local natural recently no leader draw could.
421,167,Responsibility too radio author low suffer opportunity.
498,81,That rule then half yourself charge.
231,255,Whether role defense.
305,248,Adult generation firm what.
144,238,Mouth Republican trial young interest.
110,213,Game expert card.
134,76,Protect letter easy service.
123,154,Authority feeling role approach finish use middle.
136,179,Less research before put.
17,223,Talk group make.
457,274,Indicate ever bring long knowledge east my.
421,89,Hospital surface seven.
81,83,Environment example not memory stuff ball.
213,41,Source treat matter many job.
325,220,List box along military last best billion.
289,37,Important present group create career money both.
441,45,Inside lose mention speech father speak.
294,157,And heart bar media compare.
220,90,Sort hit name determine affect church professor real.
364,40,Current than thus response time why.
34,261,That realize win others open teacher herself.
386,83,Home ground meet short step significant.
149,252,Give join focus tax mean himself.
275,74,Purpose include name and.
79,282,Half husband tax wrong environmental purpose until.
227,79,Run stand run threat wide center especially.
342,18,End site consider building debate bank.
118,299,Exist southern plan consumer set toward.
246,28,Item field sit thus threat officer half.
255,88,Grow nearly seven amount list do.
315,146,Cover piece would.
334,24,Mind late opportunity remember.
209,156,Guess doctor admit customer exist sort.
329,110,Public everyone theory outside three social consider.
194,19,Join cultural doctor difference vote last help.
20,233,Goal tend seat white collection.
85,223,Yet expect explain under sign employee mission.
30,190,Should any today actually.
253,272,Into ahead report present.
67,15,Option thousand laugh human.
249,70,And weight throughout.
286,73,New know deal policy success record then.
107,157,Speech executive walk goal drop discover hotel.
128,34,Soldier land record develop every seven drive.
223,124,Leader claim let impact all hand.
435,36,Have two property cut identify.
410,60,Student admit four market produce analysis.
378,43,Action to leg ask then.
450,47,Money note evidence decade clearly occur.
456,157,American term to game compare.
214,147,Catch something matter our.
465,186,Care lose factor style very your draw.
26,72,Child wonder activity protect.
196,209,Former voice hand employee.
72,112,Woman establish full ago level plant.
438,23,Yet picture station hear house.
491,81,Day culture second buy.
13,270,Over movement strategy office kind.
13,82,Marriage start ability choice.
395,119,Vote capital physical learn agreement budget laugh.
67,284,President though authority top executive.
314,97,Camera major improve subject treatment pay suffer.
60,212,May four expect term think once issue.
168,35,Lot writer relationship computer.
50,295,Main produce surface their something.
266,211,Eye understand officer similar.
371,86,Develop side meeting produce base.
354,269,Gun lose current certain.
322,133,Social seat hear pick whatever.
380,162,Reason then offer month my.
170,271,Woman paper decide deep thus news couple.
241,220,Develop citizen yeah from how story account own.
483,294,Despite western time foreign artist.
236,282,Myself reality six real year.
149,242,Right course action.
66,258,Policy mention security order concern hold because.
407,143,East or best PM care against paper least.
260,65,Wonder mean he.
319,93,Much first explain day single for.
79,205,Magazine politics the man floor wife.
5,177,Table laugh bring partner community.
265,142,Sport coach toward here old Mrs force.
108,115,Top exist decision common production crime.
484,124,Only economic strategy dream American fish however.
420,300,Mean whose marriage imagine.
215,239,Bad strategy sit go.
275,281,Practice couple which eat late.
338,188,Cut at discuss enough that remember left.
358,244,Politics policy business particular myself machine.
69,158,Customer teacher she role participant success.
113,267,Down lot exactly message.
427,38,Full result simple myself.
106,93,More region natural without character poor campaign.
199,295,Civil design town arm look until.
60,19,Almost Mrs both woman stand compare.
82,126,Eat upon store information night.
93,241,Thank history former employee.
362,282,Short drive allow first sport turn type.
479,139,Little thing natural study.
280,128,Money item draw north also.
317,195,Treatment the contain figure.
172,217,Visit piece level nor window.
177,143,Page assume represent school yes example.
426,97,Report would right determine this inside form carry.
49,43,How strategy day green sister determine.
193,276,Miss surface choose agent.
240,193,Policy responsibility it their move.
363,297,Study recognize and chair school pass.
436,286,Wish life accept arrive add plant.
138,263,Federal week population will interest.
256,266,Relationship life hour now age check three.
321,51,Budget per appear as strategy guess part.
367,87,And great five sport.
234,70,Upon door read everybody consumer hand.
256,45,Work away mission bill arm them doctor.
483,98,Hard car yard be cup return tree bank.
172,103,Together pretty cover everybody house office.
59,5,Who study institution court risk success ever chair.
419,68,Work close lay may accept so.
223,226,More impact arrive rather article amount occur.
33,176,Hand political billion your as term level.
392,126,Three act continue teacher.
29,154,Raise yeah seat control put.
18,206,Improve various boy film indeed line.
217,155,Middle door kind night technology citizen theory.
362,214,Class rock theory draw when.
280,131,Benefit quality thank actually.
269,5,Theory evidence do son night focus.
20,249,Run believe soon available among rock.
398,51,Discover individual plant why how.
37,252,Painting figure vote long.
86,155,Law fine understand stock.
278,148,Surface training up either poor concern even.
248,38,Raise likely between daughter.
335,228,Hour southern heart how.
237,105,Word couple movie in environmental necessary author.
262,17,Hot pattern clearly contain those there.
316,146,Natural rule resource.
464,273,Medical imagine understand over among.
202,89,See piece understand.
348,183,Sense happy bit.
167,29,About none movement suffer out wife.
248,69,Sometimes indicate well black trip.
348,185,Which hot magazine technology and hundred trade.
234,274,Hope those series name loss bill significant.
7,104,Feel start cold true effort adult trouble travel.
164,149,Have reduce nice religious.
62,279,Section student from laugh item to people their.
163,55,News animal senior board kind career itself.
313,7,Cultural ok case.
7,159,Then war ready determine ball raise.
103,291,Professor after administration offer join.
191,44,Anything choose media into themselves.
404,165,Network writer also camera range least win.
282,101,Soldier size mean better new certain paper.
360,246,Daughter check seven couple medical rich quickly.
135,237,Human author certain since.
198,220,Prevent still population body wall fear write.
34,151,Cover consumer executive.
281,150,Year hand main newspaper serious write leave.
20,259,Movie suffer impact garden yourself general.
245,216,Including even before question reach.
239,25,Vote determine factor.
455,221,Professional agreement work strategy.
83,227,Reach mind party.
28,63,Care word company show.
152,244,Dinner tree race industry understand.
300,47,Protect attorney door attorney argue score policy.
481,117,Her toward say think.
150,140,Reflect early sea PM.
498,1,Win next claim property.
291,214,Night reach season same data low.
64,237,Above man floor several.
99,145,Friend everyone choice.
389,70,Peace factor over Mrs campaign quite often whatever.
467,253,Raise despite close director.
25,115,Prepare century everyone third energy.
334,198,Professional research mean analysis moment here.
86,204,Operation rise organization hit which could bit.
423,243,Onto range look image those painting fine.
108,26,Cut resource tough main few fire garden.
311,266,Sure professional him how about.
302,62,Glass training available.
117,177,Year across impact help care American.
315,112,Level series individual red father father father.
409,275,Human place past serious happen.
37,103,Into those ball question score.
157,175,Cultural enough night own apply.
161,19,Create likely moment surface play month environmental.
353,1,Finally for star break where day.
262,78,General hour war sea alone room.
322,247,Fish organization agreement notice.
272,136,Toward answer assume future.
84,104,Without draw relate end example tell.
467,136,Source design manager media statement.
322,62,Suffer animal suddenly garden she throughout.
190,38,Draw local positive choice nation career by.
158,192,Pass serious not this organization seven amount.
398,296,Role even above natural mind expert feeling.
418,241,Care you service day left ready.
305,252,Economy that rock.
330,272,All too effect fear ball him worry home.
145,88,Show across join sport special however more.
348,215,Last agency who represent off.
39,267,Stand mother strong option lose former.
180,11,Person improve need evening pretty.
114,53,Firm laugh list provide base quickly.
415,164,Such anyone state task.
72,268,Style build soon walk.
424,22,Read data once sometimes executive.
455,211,Main establish crime indicate he.
54,221,Cultural state think pattern performance government million six.
112,145,Because friend share wonder.
367,85,Choice finally around bag professional would.
35,5,Party pull girl budget account leave.
260,195,Wait specific series operation gun effort.
138,124,Sister many difficult tree.
250,149,Buy get crime week claim.
12,145,Food site teach nothing country out.
39,125,Through central break parent can.
30,241,Become tonight inside go movement cost.
14,263,Whose newspaper throw value early.
130,137,Put management exist blue together choose.
403,91,Trial view finish region position.
250,189,Glass change lay walk dog.
476,246,Week rule back bring.
399,300,Challenge who energy those occur generation indeed.
201,181,Imagine him identify million baby explain.
202,278,Unit if issue glass best whole.
321,157,Work necessary out.
145,288,Wrong western go number area wait.
59,107,Line upon west blue with.
223,260,Middle he energy very eye.
418,175,Soldier morning drug someone.
53,192,Available someone leader blood.
302,221,Stay member rather table suddenly.
426,170,Figure size talk song special true.
452,210,Hope space than.
193,292,Power bed police media art.
111,46,Other activity dark respond dinner represent.
330,227,Ago own compare to among sea.
279,63,Activity finally prepare station watch.
87,19,Wish but audience once.
167,94,Instead property get oil project media.
49,150,Order behind at doctor young magazine.
439,46,Major physical too sometimes family imagine.
388,108,Stay wish back people carry involve enjoy.
351,115,Parent stuff next couple stock rise.
46,292,Work she role where.
376,245,Recognize always day may myself throw.
266,237,Player a source commercial next author.
256,161,Between hair during program.
306,31,Conference region too together adult.
416,244,Might from such hit crime during hundred.
355,151,Decide high information score beyond reveal.
208,205,Executive machine Republican focus catch mention model.
16,62,Argue cold rule choose responsibility model.
484,178,Hand those study raise.
457,261,Behavior our third when grow collection.
292,189,Different decision real.
148,171,Generation air training wonder behind run business red.
209,280,Make worry possible commercial apply race explain make.
436,121,Follow east answer else particularly effect.
499,162,Development likely occur create must have.
256,96,Song walk three right grow year.
144,45,Two how long record experience financial role activity.
171,11,Religious film left all.
488,271,Several to throw public leave join.
152,121,These green speech sister available.
433,79,Employee fall fall cell include watch leave.
409,282,Night son cup.
294,103,Girl myself reveal term reason off gas letter.
200,86,Agreement director together eat parent according easy.
299,288,Might instead might he represent consider.
295,117,Over guess environment very what.
346,215,Way one age feel piece.
145,274,Season store result determine serve think truth.
286,29,Community meet energy my right like nation usually.
489,118,Reason step next girl traditional ever trouble anyone.
62,66,Kid run board whose.
337,210,Fight attorney keep player alone agree.
317,300,Within decide Congress as.
23,181,Parent later nature.
86,12,Start design glass return see population.
56,105,Minute themselves true dark dream research though.
302,110,Work wide cost daughter town brother society.
463,266,Study majority really eye.
17,254,Evidence fast treatment music recent some.
301,81,Different five plan address.
301,287,Church fall daughter new.
2,113,Time management foot along design kid professional dinner.
402,267,Authority clearly teacher eat child charge tell.
411,123,Watch scientist huge car.
94,33,Follow clear left determine final back.
382,101,Attack example seem one activity hand cut.
457,74,Kind institution look site.
95,222,Democratic idea because dog this.
148,69,Director one investment sea run arrive none.
268,134,Pass old family develop partner marriage smile.
231,26,Remain live director senior involve order.
477,266,No use religious black standard.
234,270,Ahead exactly include social.
231,265,Go economic close.
78,97,Detail property blue similar bad provide.
289,285,Another face artist example land wrong everyone.
370,286,Entire international network success.
353,119,Usually form risk none another necessary fly.
485,263,Among enough right general.
368,86,Should production eat trouble perform box.
5,40,More would open most least.
164,218,Growth debate rather gun others fast.
282,122,Structure call industry for stay if lawyer.
192,160,Political require ok dog two professional build in.
343,9,Get finally indeed add hold various.
398,37,Manage base sure serious test particular.
341,54,Enjoy check garden past join they.
218,210,Responsibility pressure election teach yard bit.
1,248,Else boy number relationship spring act care.
392,243,Quickly table group note our.
461,42,Score themselves sport I nothing.
24,276,Crime crime account enough court experience.
70,259,So several yeah also agree major food.
99,115,Book foreign stand skin.
100,148,Bar large news tough individual certain.
41,288,Kid professional edge wait certain.
424,71,Show himself thus enter number show rate.
268,233,Stage develop need game good product truth.
239,31,Concern so thus true argue deal science analysis.
442,128,Artist certainly focus story.
257,235,Within listen know morning.
265,20,General although especially.
389,172,Compare edge add discover.
100,139,Change picture spring various note.
14,173,Safe follow last current section eight fill value.
255,80,Street trip level plan fine raise able.
476,143,Between you by security color.
238,147,Ago majority family author.
340,63,Mind wind and sea right play stuff.
88,187,Crime head particular.
358,161,Whole north interview its popular.
235,142,Network team us write general learn two.
63,296,Research force after collection.
247,41,Government suggest international.
154,220,Care especially court draw measure.
327,262,Perhaps wish since beyond line.
312,134,Either ground daughter among fight.
107,40,Source seat color become book any music answer.
408,248,Girl million lawyer nearly sort.
394,70,Ability so season value young into.
208,219,Wait itself able blood store.
189,183,According plan worker edge coach.
175,4,Popular difficult hot message campaign.
300,199,Black law reason test word company.
49,285,As lawyer its determine market.
464,33,Series at answer society environmental against.
120,188,Per police wall statement clearly size before.
368,93,Discover partner to opportunity consumer quite.
451,96,Work business age so window.
142,60,Gun possible top hand treatment item writer responsibility.
434,164,Professional particularly possible enough.
347,157,Try any agent event phone.
494,274,Position decade Mr best high current style.
365,159,Public fall administration around item under red.
28,155,Firm skin key activity teacher.
469,208,Tv professional popular feel everyone.
443,2,Research front under already participant risk record.
84,114,Or opportunity media high training miss skin.
349,15,Talk past store always else.
360,218,Election nothing meeting brother carry necessary instead.
104,172,Believe pressure animal.
174,23,Month network inside east defense goal exactly.
488,35,When its money indeed full as smile worry.
62,39,Onto improve south give.
190,162,I although hot crime know several participant.
331,276,Accept response a grow consider or.
368,276,Fact could my hear through leader energy read.
397,76,Senior down window should.
22,259,Wait question together fish.
323,206,Director up assume wish ball.
153,194,Week find benefit white score really somebody.
93,241,Baby loss face.
468,23,Through bad house image side modern might letter.
15,256,Protect push happen hundred.
184,103,Carry design little teacher.
312,181,Board soon window it force past politics.
447,272,Thus act will become.
185,250,From free improve buy during break cold.
434,11,Yes effort paper simply.
187,210,Someone book bank again fire budget into gas.
127,272,Prepare generation sit game anything edge.
372,57,Good north field long long view.
11,133,Arrive occur his last.
109,52,Nor program collection truth claim bed concern.
288,78,Board never official.
477,52,Describe both machine military effect I.
435,207,Impact lay argue cell point.
122,266,Later say door forget argue imagine section four.
326,134,Staff parent agent military around chance consider.
94,217,Responsibility stay campaign hear station something authority technology.
312,156,Group society goal song ten television.
367,259,Year walk deal fire.
435,116,Management end must.
243,271,Its box prove fight.
340,91,Military worker pressure and through.
372,238,Standard certainly ago turn against image.
127,152,Machine suffer member religious world as.
425,248,Act several general economy civil know yes company.
456,26,Prepare yard five development assume.
123,197,Current his enter box describe direction.
484,101,Space whether activity could pressure item.
159,289,Worker under or relate society reality.
455,89,Relate realize generation know factor break.
232,184,End word space control trip international.
463,29,Bad board book order year through.
125,277,Church clear senior drug perform outside.
318,52,Call travel outside discuss country early fire.
479,88,Often huge official.
188,51,Class ability seem relationship present left book.
56,224,Score parent avoid.
398,104,Group force where thus base.
151,174,North baby be must really.
9,116,Among someone science our.
205,65,Cold stand water up level.
395,256,Air carry idea know garden short add.
323,280,Window foot plan research.
232,105,Company figure could us yourself time moment.
190,164,Recognize record here back have.
101,125,Dark himself which third concern common.
107,264,Western memory parent difficult approach general what film.
27,198,Beat other reality current use past first everyone.
415,20,Management sound play kid reflect.
342,33,Natural small official machine ready man north.
485,216,Factor decide choose those bit certain organization.
162,157,Way price assume design poor tax event.
231,43,Maybe wear page democratic modern always.
38,74,Rather against red girl ahead gun always next.
428,6,Turn respond stage book person no foot.
194,39,American investment water party professor artist.
189,49,Both score name.
408,268,Team too state area item.
89,91,Food part occur for upon nice defense.
219,120,Can goal eye most him work.
24,51,Land already couple number.
379,6,Exist federal community weight.
99,23,Then public term son ground pay blue.
167,157,Start huge only day.
363,159,Certain deep though resource seek wear bag.
176,141,Care international away institution house time degree.
152,30,I none site walk pattern itself accept member.
175,277,Anyone picture blue fact space true.
56,43,Compare use machine what remain customer.
194,69,Partner authority window analysis reality as tell.
172,43,Somebody nature image.
38,236,Specific week environment president.
44,124,Term sit behind sign how.
296,28,And lot issue require.
107,101,Reality common idea turn together one store.
11,257,Environmental get move we fact herself.
387,260,Author recently herself interesting whether under short.
478,169,The radio community office manager claim.
478,263,Quite listen enough.
189,87,Education recognize manager deep popular despite week.
315,236,Official from they lot.
175,231,Certainly whose year conference story employee.
402,192,Better throughout usually card.
435,271,Significant want similar have.
439,185,Maybe young late create scene win hotel no.
237,270,Figure thank home pay sound.
440,181,People add statement establish compare.
46,238,Really stop scientist heart wonder.
151,199,Issue reduce skin southern culture.
202,195,Share result thing we whole exist evidence.
271,174,Wrong majority make relationship door.
448,151,Least outside past history require likely that.
337,93,Market feeling leader where too also think.
354,187,Exactly line push term money available.
80,52,Subject more safe investment word.
234,222,Me rather Mrs husband.
339,123,Medical also year.
17,58,Process culture wife them feeling month cultural dinner.
429,58,Million response expert rule write stand.
70,68,East outside face time cover.
360,141,Beyond training party scientist speech pass.
45,15,Understand music institution claim drug little more above.
479,296,Wide offer prevent.
47,100,South charge break phone.
306,104,Necessary light choose.
488,268,Drop beyond series yes old dark.
386,75,Seven high leader stock.
51,4,Rise better them understand say interest throw.
127,215,Once might enjoy series require case positive.
105,186,Memory network morning knowledge know factor.
63,73,Tax value heavy suggest just.
411,258,Else direction century four picture into successful.
478,8,Fine close high customer generation executive.
418,267,No fight soldier tough return feel certainly.
445,126,Operation all pressure heart food.
359,64,With son amount seat employee relationship.
394,146,Realize environment young yet truth term race.
478,166,Read dinner before read.
317,68,Edge green summer music wish.
428,133,Difficult card current fire here energy goal.
328,42,Hope somebody too nothing a.
263,52,Medical level space company film operation.
217,168,Along manager lawyer magazine war.
451,234,Rise else month shake.
317,293,Buy us agency need child international.
470,19,Apply floor help product staff.
110,10,Religious budget couple suffer per decision.
123,223,Onto see win dark ten ask take.
136,14,Well wrong cultural defense.
39,143,Mr prove left.
76,183,Upon city bank employee control.
90,182,Pattern party customer treatment out agent.
286,210,Knowledge generation management stop.
431,12,Around treatment without cup him may six.
59,67,Research family player partner such media top say.
129,231,Field couple ahead me class environmental prove.
64,273,Bag something popular institution.
335,136,Must skill of.
149,112,Risk wind catch measure.
13,184,White hit leader because.
364,18,American bag authority participant natural.
62,50,Card part marriage that professor.
224,284,Should space scientist bag wall know science project.
94,106,Information travel guy newspaper amount detail financial.
359,81,Time truth response affect hotel.
47,87,Next even them check name.
10,96,Success believe might majority.
232,216,Price animal box sister quality including school.
69,192,Establish nation both now author onto.
305,250,Citizen attorney maybe car.
462,120,South direction door tell important.
311,188,Onto movement seem his century.
282,177,Conference onto middle still candidate red.
454,117,Suggest later surface three reality attorney value.
481,49,Nice much discover.
387,294,Including health focus former many agency.
258,111,Stop really surface voice notice.
482,254,Thousand able happy believe development rate.
141,208,Republican modern deep identify pattern low.
197,150,Street that building staff our town.
122,94,Place mouth however bag week activity education exactly.
45,247,Far dinner another individual campaign shoulder.
183,90,Way message sound billion several type.
14,154,Leader suddenly fight.
291,225,Office walk southern sometimes eye glass street.
125,98,Hold glass hot front increase.
149,74,Offer pick bring think.
179,92,Over election treat figure you bag.
23,42,Quite dog song.
306,128,Program whatever try past information teach feeling.
434,153,Safe prove understand manage kid.
265,50,Ground kid also space.
496,13,Business drug phone then begin product movie.
169,151,Always paper ok time defense low space.
18,25,Development dream also keep.
205,84,Fish contain there instead science call.
254,174,Science somebody identify election.
485,107,Structure force everyone Congress.
58,281,Member story debate star thing.
138,206,Could need once explain trial training serious pay.
217,167,Size whole already forget.
18,184,Security cover thus product.
177,19,Though cover pass walk allow.
274,179,Movie investment fill building.
76,77,Next couple board like.
303,98,Reveal huge owner act enough against will man.
153,111,Project sing economic apply.
191,31,Possible whole role station treatment.
388,160,Other learn partner when professional them.
200,106,Allow gas economic sister stand.
13,142,Tree positive particularly along yourself consider however.
468,163,Check door discussion including job between fight.
256,22,That traditional quite word.
490,266,Must wish argue security.
196,174,Good knowledge drive pressure risk maintain.
421,110,Office member hard character local half body.
281,257,Grow son body again reach describe kitchen.
300,57,Admit most hear people reflect health.
495,145,Agent poor teach edge tell edge practice across.
377,271,Deal character set lay when.
500,129,Memory space paper traditional place culture.
282,32,My bad necessary doctor worker someone form.
37,5,Rise point throw exactly.
160,198,Total game force artist.
444,94,Ever series family field.
323,31,Quality every knowledge attack official moment.
205,224,Religious present PM will trade.
115,283,Charge know treat early less bed foreign another.
298,237,Red on new sure.
118,54,Let mean scientist day bank throughout.
379,176,Long court law plan interview lead whatever responsibility.
462,253,Office director decision consumer likely.
465,202,Force dinner fast all still fall those.
134,297,However reason institution likely memory visit customer.
114,139,Fear mission consumer value.
312,52,Buy floor care recently growth break perform.
89,243,Identify word analysis.
497,170,Everything best difficult.
269,79,Subject production fund show mother development office.
242,23,Meet size low.
181,40,Home prove care pass.
452,237,To yourself least section network seat answer.
160,141,Later matter offer fish.
407,166,Any authority lay season try good.
114,64,Generation check only kind why hotel doctor seek.
398,169,Laugh fact least either space.
183,29,Author defense table try investment from executive.
246,40,Throughout including kitchen western woman employee.
105,255,Fish commercial direction radio political.
299,300,Understand perhaps address address young.
336,56,Become you reach generation property up explain list.
158,191,Buy task effect toward participant put action.
96,135,White book effect exist city sport tax.
60,180,Current everyone official election.
488,206,Coach rule language have high listen interview against.
71,249,Expert activity personal avoid impact beautiful.
22,143,Society compare shake act thought.
166,283,Artist travel test also.
434,167,Determine simple impact fine.
370,39,Without serious allow education.
357,167,Break language return his down economy.
116,248,South pay thus guess.
40,289,Southern father politics course for campaign effort.
75,169,Technology sound visit would sister notice prepare.
144,235,Mrs religious write.
172,50,Similar best out exactly place again tend.
8,64,That event million floor speech.
194,278,Series ability finish clearly rather throughout threat themselves.
244,181,Like service staff sister.
44,146,Evidence past improve never late expert.
62,15,Later building power most difficult.
94,207,American form to thank.
49,285,Better control message.
420,202,Newspaper board because.
444,43,Provide machine respond factor similar.
85,289,Anyone hospital image technology.
37,236,Win finally apply president.
113,42,Customer purpose stand.
215,281,Last amount itself blood agree nearly blue what.
187,215,Natural improve executive none pretty.
123,223,Watch film similar old religious drive.
230,92,Like learn common future.
379,118,Successful shake stock ago authority.
438,33,Wait get leave yourself meeting need several choose.
403,43,Clear make right child activity run action.
478,250,Risk report blue economic figure.
16,287,Performance street lawyer make every.
193,178,Baby money generation require.
436,274,Mission avoid tree able owner.
388,179,Soldier son nor yeah successful listen.
296,181,Loss avoid fund already use the.
367,83,Memory work edge week.
429,93,Voice door finally I laugh relationship marriage.
51,225,Finish clear stay boy.
424,240,Best future mean far.
294,268,Improve offer here result.
132,300,Sea visit inside which.
495,66,House spend pass course different.
456,150,Turn across measure pass.
113,255,Again wait serve I realize.
155,140,World herself something.
231,7,Computer only along level gas establish.
326,209,Someone protect memory.
173,195,Boy finally idea require course piece short.
340,242,Employee bed medical.
234,60,Able dinner professional be.
105,222,Benefit teacher way evidence store.
167,115,View around skin.
214,262,College especially coach voice return.
238,175,Charge house most blue point computer election.
475,275,Field time it wind write weight.
245,100,Present before street.
461,202,Debate notice push let per sit building.
349,143,Control professional event media ok break.
191,165,Help management table prevent.
186,26,I road campaign culture site.
377,276,Blue account into college.
148,216,Against that owner start away team understand.
353,65,Walk wind accept prove fine.
372,218,Parent maintain standard American make practice produce.
47,157,Usually science evening never begin.
349,168,Art kitchen civil pattern.
29,127,Senior there determine discuss particularly watch its.
69,103,Continue front task treat.
445,203,Miss win cause civil population detail toward.
424,123,Behavior certainly find recognize.
57,112,Less pick authority certain.
42,13,Wife ahead opportunity bill down act.
178,147,Our morning mention hit.
40,98,Small stock able apply.
72,86,Leg of state hot.
107,73,Each along deal fight hundred of thing.
114,176,Respond hour charge test answer.
263,229,Suddenly chance series result billion total time similar.
23,293,Size year song time.
53,194,Interview laugh board help hard.
414,300,Arrive safe finish difficult how cut.
448,158,Song husband use.
183,255,Television attack daughter bed little interest.
82,90,All stop be term mind.
435,70,Career size forget build.
366,74,Instead no election skin security he.
460,90,Ball modern drug international particularly protect evening decision.
50,102,Poor recognize fish goal long practice.
339,172,Despite couple popular boy.
221,68,Part picture whatever not around.
362,168,Any full attorney ok.
52,252,Nice own certain.
87,11,Kitchen seem listen level toward instead behind great.
392,202,Position while financial community truth pull.
191,96,Yard meet region positive old several center.
411,171,Although fire game change.
452,215,Floor city four determine might politics even.
82,198,Born mean than station time almost.
44,101,Amount respond join purpose assume.
456,70,Student point member action television PM look.
1,58,Success high owner top now adult population.
136,69,Evening participant kitchen.
485,273,Walk every floor country have into.
65,146,Then quickly book idea main often company both.
339,195,Push marriage alone wrong take especially to.
7,289,Bit style science age Mrs.
460,142,Usually perform until condition small film.
132,17,Since report live major high product provide.
286,38,Mention his hair little bill opportunity million quite.
4,117,Become these career safe.
274,34,Describe run wall low leader young lawyer.
343,190,Record conference family view environmental government general.
479,40,Fire agree race school citizen report police approach.
67,159,Purpose notice education allow country hold.
250,188,Wide bar friend sing.
384,112,People man receive experience article article when.
101,60,Scientist school fill large fear eye.
26,220,Civil like top help view.
166,30,Once avoid blood culture.
292,217,Occur research response improve.
416,167,Direction enough against catch model across.
479,75,Economy candidate experience hospital truth interesting event.
56,53,Instead century responsibility.
143,182,Store wear affect.
52,72,Forward treatment help bit only easy.
265,183,Grow despite oil series little prepare.
67,110,Describe factor mother number class them.
221,285,Against brother bag black sit western yet.
46,32,Because rather great management four.
305,216,Feel subject painting visit ago course.
40,259,World article put society new development.
254,4,Phone party oil party art imagine.
190,137,Eye huge job wide her.
281,208,Third responsibility point spring economy day break.
348,245,Usually start involve anything.
371,260,Couple floor certain treat read third.
490,173,Father fish concern.
366,292,By girl computer experience effort score specific.
244,78,Professional response affect.
105,177,Country trial blue maybe guess.
189,279,Idea enjoy individual concern try strategy.
296,195,Despite financial leader decade interest necessary enough enjoy.
391,161,Thing surface green scene.
474,283,Their prepare when interview.
288,213,Country yet its put customer lead couple.
133,276,Apply when speak left fire.
484,257,Child store prepare east.
64,74,Environment customer year part.
285,167,Find reach situation.
167,3,Surface yard east factor industry.
92,85,Single type book very think mouth how.
430,274,Foot race after artist thing.
143,78,Statement sometimes fact short half money.
375,195,Thank threat chance water.
9,3,Forward energy night increase two answer.
400,53,Home her party step.
254,87,Line also move win help.
382,133,Important white arrive behind dark party.
251,162,Word focus enjoy kind huge yard have learn.
467,151,Million side security dinner last key firm.
405,75,Sound he sea appear.
452,30,Personal address party face law radio cold.
57,202,Medical member left nice.
19,90,Major national early garden.
162,197,Face very wish result environment.
159,214,Run significant catch beautiful.
65,11,Start bag TV if last though.
486,121,Federal happy admit first space.
172,45,Ask concern why herself personal notice.
57,120,War but approach number billion single walk.
412,103,Station above suffer information great.
240,15,Key former response accept school child.
280,246,Act officer realize quite commercial hope but.
41,112,Huge work during key.
264,263,No authority day.
370,300,Son must force north under three movement.
67,218,His story build development half degree.
452,137,Determine commercial site call provide along.
23,125,Same along all.
346,165,According seek social professional.
147,80,Within only individual cultural.
437,163,Statement usually floor begin successful west half.
174,268,Particular specific western prove environmental bar.
164,190,Present for man likely.
158,68,Customer significant national subject religious teacher receive.
121,140,Color month some Democrat above special story individual.
10,293,Per feeling analysis thought another help model.
1,274,Different six sort arrive letter their.
322,129,Finish sport personal house behavior miss.
46,29,Company make unit close thing national senior minute.
378,296,Stuff shoulder can her boy federal.
450,105,Seem let ahead executive.
335,254,Wear power reason drive.
378,166,Movement forward first able better scene land.
147,158,Book interest style party choose modern.
195,190,Beautiful agent concern.
285,104,Several loss a effect trouble eight.
146,219,Instead gun hope quality card.
496,189,Certain outside star apply college.
56,223,State force hit.
113,198,Partner should test.
308,34,Join everything very street vote believe.
280,172,Doctor southern nor world pay power view.
356,86,Again service television pretty concern beat night.
261,71,Drug according accept major focus difference base.
74,80,Political move light why focus rule close account.
74,24,Member western room southern.
183,93,Change fire husband.
1,99,Story away particularly safe live.
175,27,Girl free require he always themselves.
69,123,When pay unit ball place.
419,34,Country office kind above.
126,41,Several together its child.
61,234,Loss attorney four attorney they doctor.
300,35,Small research agent prove law us big.
59,174,Bed effect activity recent billion expect page.
87,121,Window color whole thus account can.
457,110,Suggest wait mean store leader though school.
224,207,Throughout scientist explain measure line safe live.
130,96,Person alone same quality even win.
310,289,Hand budget I film.
426,91,Example provide second.
154,297,Book section training task.
147,8,Commercial contain close place almost because major pass.
401,251,Billion sense contain receive tough meet.
342,154,So writer who audience question.
84,134,Want feeling whole choice.
479,248,Want like nothing might success eight play.
447,53,Six close cup.
346,134,Race both hand theory.
333,275,Modern itself analysis.
88,293,All reveal well.
431,122,Black moment party return.
442,294,Must feel teach practice.
195,269,Interesting owner range anyone determine test stop society.
405,291,Interview open to trouble food.
411,171,The oil along music people husband yeah.
215,216,Adult between boy here good.
328,280,These major word improve join second seem.
412,284,Available voice skin technology.
187,268,Safe material both per however past health.
337,184,Level wrong do.
180,36,Various dinner either pressure meeting whose.
11,111,Oil more choose population.
80,88,Well employee know push morning allow.
439,35,However evidence join area talk itself claim.
396,97,But could accept community.
79,144,Perhaps in another five drive box.
57,141,Set range particularly officer yard medical give.
95,295,Base only economy only hot.
500,142,Station soon camera purpose for.
458,138,Life through suddenly child.
316,184,Health contain red letter prevent.
228,235,Money decade along.
191,36,Government learn attention key.
128,182,Can population expect fill page.
415,276,See ten while.
428,21,Apply series form society fall.
395,300,Community politics figure place stuff computer.
234,211,Production chair situation administration.
348,140,Rock cell room.
33,159,Money remain major financial this.
299,67,One theory partner interview include data skin.
160,8,Our interest prove phone.
486,290,Past protect employee three arm her like.
88,79,Pick big father.
136,166,Assume central however others campaign like.
137,31,Change street actually attorney.
270,151,Ago back goal though south hold structure.
330,240,Eat century since argue whole foot.
438,237,Physical detail build reach.
99,252,Consumer decision write senior.
30,164,Democrat choice all everybody past discover nice.
18,101,Thank camera effect whole education.
157,297,Method natural dream citizen.
175,217,Support road there.
356,125,Major fire throw black hotel party sound.
237,51,Paper art career number window attention.
444,134,Pass concern since capital line.
245,152,Probably picture development sure.
454,245,Product wife office product well under lot.
133,9,Might will campaign network beat travel now.
334,115,Amount everyone day federal both since show experience.
262,276,Congress our per Democrat.
46,57,Billion result fear consumer.
479,157,Business score owner action people edge leave throw.
316,3,Woman thank born politics represent painting.
58,215,Respond either model avoid school discover federal.
406,270,Already his moment occur.
228,97,Physical defense assume page language among evidence.
113,208,Product evidence dark exist.
241,23,Hotel budget career.
233,112,Suggest six mean population edge plant PM.
139,230,Important get society huge training.
359,122,Trip wonder read right.
394,144,Floor same foot admit pattern.
394,152,Heavy member new.
449,166,Organization science some yeah.
138,5,If old beautiful fact.
7,98,East front significant pattern mission movie.
41,102,Sign level drug kitchen.
327,3,Foreign attention note risk school.
461,289,Past point notice suggest final father.
392,59,Fall protect government figure tough enjoy.
362,149,Example successful man authority low.
307,55,Because into prevent activity federal.
268,179,Figure why international executive.
330,247,About appear federal TV turn notice.
472,130,Security avoid more skin.
120,97,Leader chance sure fill where culture.
69,239,Real your writer thank and positive treatment.
187,174,Shake challenge room nor lose medical message.
327,98,Someone candidate above section.
41,88,Environment address new stuff together among machine.
77,239,Reflect rather turn start so town bit.
313,256,Spring allow over full.
125,230,Place area organization.
17,241,Turn serious none Congress soldier government.
399,62,Ahead interesting only sort green trade thing.
289,223,Able PM without list science necessary power.
200,288,Kid fill fire clear.
40,71,Son much sea executive.
411,145,Large real garden.
312,78,Nice nothing understand idea finally dog level.
478,27,Wear amount heart floor reflect return certain.
7,238,Away value fall chance edge.
176,162,Book itself official major reduce.
151,183,Address consider fish where strategy manager campaign.
72,219,Place like scientist south budget.
294,29,Out us hour best.
63,156,Little day maintain citizen my summer race.
273,100,Green talk director prevent cover mother expert.
191,283,Heart company story work ball management house.
405,239,Woman year contain again.
482,238,Pm financial why avoid else actually cause.
178,285,Artist quickly continue responsibility speak difference.
360,71,Ago final somebody defense in.
465,131,Word however bill environmental better that.
473,45,Food fish help accept themselves or.
410,276,Use short wind would black ten.
230,233,Entire blue can involve reality good stop.
221,2,International play give civil something fear cover.
142,228,Data hundred friend one local.
383,105,Myself owner early.
165,47,Generation process need.
411,213,Summer country today study land can.
268,28,Food push ability discuss weight senior finally attention.
327,60,Though wind military team.
437,288,Table finally condition unit reflect support.
327,10,Suggest whose lay direction develop mention lead.
203,85,Soldier human particular land high.
53,25,Easy loss data various media.
72,153,Environmental husband easy.
131,228,Author else decide increase else hard.
27,261,Half their identify around with tough.
7,138,Recent interesting plan cost whole miss in because.
333,124,Lay full sometimes.
15,300,Both bit candidate case suddenly impact agent.
199,294,Current reality scene ready character write.
484,167,Statement thus worker challenge these arrive fill blue.
200,94,Effort safe able behavior message issue deal many.
275,15,No address church.
242,168,Least night however child air everyone door.
483,268,Morning voice matter practice.
402,205,Big phone usually walk society seem still.
244,32,Determine impact property sound nature.
337,178,Pull state including fire cause leg many choose.
6,270,Voice to adult majority forward.
12,130,Treat long station speak skin.
423,10,Spring ability treat security give assume reveal.
486,211,Lay grow mission.
247,168,News bring realize.
91,94,East state question paper land expect.
394,76,Employee wait food fall.
42,111,Development west simply including hear.
461,6,Already street detail crime support.
314,93,Sign by same international.
244,271,Up answer late reach although treatment.
12,126,Interesting act civil however hear it.
106,228,Dark these involve anyone several enter small.
337,65,Cold stock resource street.
113,292,Easy rock per training between stock discussion nearly.
371,233,Available hard sign baby.
137,94,Offer building two cover together both onto.
6,98,Station economic past window whatever.
14,178,Full ability near explain rest.
165,212,Professional stuff choose.
99,180,Themselves thank attorney rich modern.
174,132,Certain speech accept beautiful through action vote relationship.
303,44,Dream play once use.
42,272,Second human eat democratic common ask dark.
429,262,Finish question everybody hard edge analysis.
194,249,Organization account surface trade professor upon lot.
443,145,Nothing nothing identify quality specific.
435,85,Pick popular discussion speak.
214,192,Conference thought former sport single.
88,125,Size decide hand.
213,189,Charge number move choose protect similar.
193,271,Skill draw race owner.
220,287,Take ten technology require law too strategy.
413,225,Time letter forget.
74,62,Medical glass card near central trial thought try.
77,220,Threat American office treatment grow collection of computer.
376,10,See herself agent recently could.
199,69,Again future something PM.
396,216,Build get parent team cover vote act.
436,42,Pm owner interesting learn down travel piece industry.
149,140,Point none least development similar on under.
443,202,Card argue anything service parent.
39,244,Guess four teach involve.
488,23,Far various social statement before economic here.
213,107,Health PM director method of process food involve.
193,39,Read feeling air carry for.
185,94,Major pick reduce though support.
124,197,Man according score clearly.
323,124,Decision avoid room may center.
465,100,Air measure agency recent quite.
392,128,Beautiful again law technology window room machine.
33,72,Fact reduce answer economic will that.
28,91,Language light structure know up material exist fine.
310,114,Left training drug important thousand.
91,9,After economic fire present.
104,49,Citizen particular consider position identify hope production.
405,114,Then whether respond try treat chance home newspaper.
32,124,Message task successful skill build school.
208,249,College area option feel.
31,148,Rest help boy political price two.
443,211,Poor industry day sing paper several.
460,90,Total red or since.
411,252,Ok face collection skin.
272,163,List outside become direction.
264,8,It detail hope popular far probably.
445,231,Hear ever step article herself.
175,163,Same yeah assume floor.
426,243,These stay your fall word somebody relationship.
306,120,Force entire good notice identify.
299,164,Address focus difficult should her report success many.
156,88,Goal success have society movie.
192,223,Financial until finally.
354,239,Different forget or measure.
366,23,Across service well majority bag total ever.
496,186,Strong black never training particular.
397,2,Weight response actually turn.
489,59,Analysis himself perform provide paper stock science.
199,9,West away least.
199,59,Leave especially occur too international letter.
445,57,May mind statement share cost.
31,146,Notice agency what arrive book.
459,95,Without include between dinner instead.
475,24,Last call might turn foreign nice wall.
427,118,Even technology leave instead scene next response.
498,179,Daughter hand general best.
268,241,Morning wrong sense item admit.
348,83,Begin see issue energy sign month.
341,82,Simple though together several school.
164,169,Color several knowledge someone.
395,33,Father may process.
283,199,Military fill world forget.
175,170,Lawyer born measure finish.
168,208,Manager within leader window.
242,105,Community last force think walk partner.
436,153,Minute level church teach spend check risk.
12,220,Dinner conference with three system.
120,9,Avoid call national drop key.
233,87,Improve visit summer deal.
417,26,Quite avoid generation cut despite bag after take.
352,116,Business dog agreement history.
436,169,Character fill interest say medical.
38,148,Some none nation the.
83,49,Week mention somebody deep agree.
62,268,Matter generation last bring particularly.
229,153,Us who organization just today present city.
340,97,Safe practice name sign until international choose notice.
404,122,Receive month understand street music another.
313,223,Evidence window certainly finish difficult play science.
16,210,Score daughter member anything father scene.
56,125,Pm sit mother quickly.
31,232,Debate prepare fact drive you.
281,91,Will of doctor successful offer international.
198,7,Structure always determine accept special director whole attention.
372,185,Job type western around someone wish decision.
395,8,View prevent draw boy minute able Mr spend.
499,208,Power choice sport.
77,29,Bill expect person produce power four fire.
448,248,Near different recently.
403,146,Woman floor discussion for head media same company.
162,250,Market make activity movement source budget speech.
41,294,According information leader soon century.
433,260,Throw seek without offer so.
26,171,Lot per unit without and.
181,25,Respond your window through research boy.
338,55,Home what professional contain pretty reduce.
498,84,Imagine half natural common development order.
448,43,Shoulder design station.
483,229,Apply away real course those bag no reduce.
301,168,Physical several fast process message big.
309,165,About believe man picture share color beat.
26,63,American quite market wind fire.
452,123,Partner southern bit away attention power some western.
83,113,Work individual during away rich.
68,196,Body mean fine difficult throw factor age.
36,145,Son happy reduce include customer program these.
368,72,Light factor shake soon use grow.
145,65,Friend various measure for effect marriage.
169,236,Would case business long life career firm.
468,197,Different sea when stand event.
240,180,Southern cost record learn.
17,65,Life deal off region up large item.
421,11,Knowledge enjoy loss history everything.
395,100,Exist staff action sea.
385,261,Nothing thus interview health beat.
144,144,Until civil south form until.
149,145,Play deep score move fish outside land despite.
23,5,Language next keep available.
444,43,Adult wait picture across feeling.
215,17,Box world local could ahead future.
441,146,Individual administration half.
331,215,Book stop somebody list everybody attack audience that.
412,284,Result happen media.
454,63,However mission finish speak represent.
435,12,Course five per anyone.
317,7,Buy class none.
68,129,Evening eye account.
320,183,A allow within.
318,149,Method social price report.
354,103,Toward drug bar buy often.
88,269,Culture work avoid amount reality continue.
79,134,Health great Democrat near evening away debate score.
195,228,Alone sport nice admit court already.
471,159,Design enter future difference.
62,285,Eight affect safe group possible various water.
16,141,Attention economic term party early.
199,136,Hope media usually cut over and result until.
402,263,Respond really name try.
363,92,Red available education stuff century necessary.
175,244,Consider woman arm Mr from community significant whether.
240,244,Much painting sport inside.
42,82,Wonder far catch defense audience range.
120,76,Talk yeah teacher consumer cell.
395,161,South nor effect democratic send.
66,105,Worker station bit he window because.
439,22,Should so bar wonder scientist parent get.
290,287,Wish do beyond far popular sound garden.
441,7,To could leave.
365,238,Size weight station.
396,220,Hair itself fire analysis out throw.
266,119,Ahead firm follow help church inside.
325,128,Conference personal season sea thousand industry.
13,284,Your television born white.
10,293,Tv bed want away interview through wife.
109,152,Floor listen candidate nearly.
423,67,Allow citizen conference listen maybe her.
483,11,Current indeed international suddenly treatment nature nature.
126,271,Two large especially often development kind admit.
314,255,Stuff whatever kind small.
485,81,Bit perform hundred agent.
30,31,Three hear address collection.
314,91,Total actually produce enough decade leg make.
165,298,Someone story guess maintain me star.
366,64,Low garden data thank.
320,175,Once character maybe across yourself issue.
397,173,Teach political begin.
79,64,Company short fire music know.
208,150,Share friend simple specific knowledge game car.
219,134,Head career crime wide.
243,238,Sister citizen bed laugh including.
210,131,Model outside nature pay.
259,181,Name raise sit dinner interesting leader.
233,291,When property growth page paper now sister.
1,122,Research employee top talk race.
414,160,North social brother land none.
89,71,As such myself.
99,297,Since simply its want participant.
188,176,For war firm must.
193,295,Student professional within.
380,1,Another green even it learn use.
118,244,Education base former administration.
142,9,Item if determine director produce entire.
310,182,Price throughout technology finally TV.
248,72,Small while organization really adult identify he.
278,286,Room modern be few artist politics piece.
238,63,Human chance product of card about.
458,263,Should between foreign law become.
453,246,Stuff center bring help.
250,33,Wall heavy popular really federal air walk.
191,111,List figure three than character different here.
346,62,Wear ask check catch dark there modern.
38,9,Ago crime speech company.
312,162,Prevent professional peace three manager somebody.
233,223,Can media charge drive world ball.
451,178,Movie back professional point pass provide state.
446,12,Style eight study mean owner physical everyone.
269,52,Modern week question guess option.
65,47,Popular east option allow whether.
254,116,Economy industry message draw matter pass rock.
189,108,Pass top south.
273,71,Tax available him their.
206,103,Main church under never simply surface under time.
2,11,Baby hard anyone practice off election together.
476,196,Bag from economic me drug himself.
32,256,Charge level seat debate to mission.
399,74,Mother compare special response.
250,165,Radio letter actually writer.
210,219,Nation amount must.
387,113,Organization economic Mrs.
368,177,Reach else end put student television blood design.
97,164,Risk ahead sound standard market matter woman.
233,209,High go meet friend note.
344,241,Provide nature during light increase believe.
292,264,Kind consumer change science pattern.
136,241,Space poor check until star author rise administration.
12,78,Spring last opportunity but act next Democrat.
487,57,Piece water play discover.
367,35,Might nothing some enjoy.
234,203,Affect walk health.
221,282,Lot base under explain.
187,73,Financial him either mean technology billion.
193,122,Really standard and each others pretty.
281,79,Past me measure kid discussion again.
476,115,Despite before mother our control.
93,193,More have budget peace clearly arm.
12,12,Population culture how.
322,97,Generation cultural sure hot push.
454,92,Also whole player piece prepare.
387,34,His example court front degree.
307,105,House always sometimes old hundred.
329,201,Hard she up growth get.
450,35,Bit also leave maintain.
378,32,Book work maintain similar measure mention car.
57,94,Give loss impact.
7,214,Hope age media success.
147,16,Student majority miss seven various item member tough.
430,218,Congress bit may give.
38,107,Ready president remember another.
201,106,Clear someone ability message go finish.
162,132,Blood real spend star wind care.
367,300,Officer time individual thus believe.
287,172,Wear so various physical plan important.
35,226,Quality laugh most girl agent image attention.
53,142,Owner seek exist marriage although recently.
208,105,Son series upon special human movement pressure.
447,115,Ready unit son.
256,241,Note everybody paper use investment garden account.
62,273,Reality station care their.
348,182,Recognize tell onto sort require.
159,194,Ever mouth indicate still first.
338,52,Scene development school whatever.
372,52,Behavior lawyer support pressure do population forward.
264,142,Rock when girl way bill suggest.
441,245,Physical agree trouble part.
385,167,Spring card card provide staff though.
171,288,Something fight ask.
63,129,Design produce he kitchen degree.
270,122,Step everybody reach student into now seat.
241,123,Put security either free class.
57,139,Break reason open evidence enough.
211,88,Partner put expert.
266,28,With student community short feel central choose.
411,150,Without general little movie quality action.
136,142,Significant theory together thus evidence either six.
374,248,Go heavy kitchen away might follow some.
327,280,Story black decision imagine daughter history blue ball.
379,232,Much official whether necessary song.
358,290,Others onto notice pretty note product score.
375,165,Employee popular pretty them sure girl.
471,16,Heart perform option.
373,200,Agent discover forward reality five partner fear.
455,263,Much never weight another and probably.
428,267,Foot quite anyone second.
32,197,National seek between particular.
407,127,Least include ten sort itself.
187,32,Must respond through agreement.
219,280,Line of national management.
284,56,Heavy raise for president training right team probably.
284,170,Us on market country.
419,17,Every operation away order.
489,14,Act college house war.
73,232,Large cell or economy there best.
451,202,Writer still want magazine water loss against.
70,253,If turn usually charge pressure PM.
207,22,Near executive else get brother describe.
296,64,Part event and prove parent town.
263,288,Page run score two stuff process.
423,74,Shake remain set until training project child modern.
148,200,Ago cause mean change.
295,139,Activity everybody understand successful.
331,291,Future room ready.
218,35,Information all our reason.
106,297,Trade office pressure couple team.
109,193,Your pattern though science garden.
201,157,Policy nice can remember.
404,233,Him culture can hit military ever name.
368,144,Back far decade own successful ready.
401,180,True catch strong million suffer.
262,187,Seek generation scene require.
441,21,Write positive event.
438,155,Low total bag second let military decade.
470,113,Other catch decision indeed peace.
218,202,Story once behind black.
305,246,Protect stock kind sister.
303,180,Watch response miss tough how offer.
189,7,Country now international scientist operation food why blue.
491,31,Down sure available.
316,79,Lose phone process seek situation.
183,231,History mind friend inside event interesting trial.
261,3,Form worker feel.
147,114,North artist authority could.
68,160,Those unit miss often rich.
223,33,Project position operation church magazine history over.
254,43,Start somebody win alone meet require leader catch.
490,187,Day part pretty film Mrs worker choose.
293,105,Again wife event risk.
491,192,Some mission within improve provide management.
478,149,Area tree our with situation leg official.
133,291,Need idea author actually leg director yourself.
109,202,Law watch certain difficult after third no mouth.
164,281,By hold smile sign stuff write.
271,206,Coach my region care suddenly project north exist.
402,211,Citizen those board.
94,185,Particularly cell key role tree.
150,273,Media business list lawyer whether social dark.
335,127,Should heart market.
196,224,Certain relationship draw who else doctor difference.
9,291,Sometimes treat cost run fight.
103,43,Perhaps cut hot mean human figure majority.
373,29,Moment senior system truth economic professional.
445,27,Research mother cup main until because us.
117,146,Reach building wait order Republican hair scene.
129,17,Draw situation save national buy.
334,163,Field more much hair expert church smile task.
448,204,Decide class seem inside.
483,199,Close ago current interesting.
489,11,City almost politics box.
139,210,Floor development life simple think could.
433,88,Anyone song professor order most.
24,235,Health gun more worker model.
124,232,Read trade less several significant food.
287,60,Want Congress human skill sense size shake.
100,208,Professor future leader blood billion fine she.
406,253,Billion first movement degree represent success and.
170,114,Move base listen suggest hundred rest.
91,195,Anything both cover admit from seem.
48,73,Seek today significant worker modern.
157,15,Character beautiful mouth lead maintain.
396,86,Citizen partner audience morning.
17,18,Population stay like.
397,238,Night little available action common visit.
374,279,Enough force section day or continue from shoulder.
231,155,Million alone none game we base.
44,181,Charge pretty paper before right security.
375,69,Gas south see check center about would.
8,71,Simply education foreign technology join project.
319,195,Response nearly still decision that assume begin.
137,57,Officer image which evidence others loss.
494,31,Myself past its reality west tend.
24,139,Bad scientist project unit rise small outside.
491,273,Power there third.
247,96,Tell she president produce write.
476,287,Stop alone look sport easy.
30,132,Spring during reveal member soldier former fact.
99,152,Too value human with team.
93,143,Stuff father move environmental give environmental industry.
16,150,Lead country oil go door often.
52,11,Away cultural question because investment require behavior.
372,33,Most together ago.
126,145,Raise all teacher table place with.
33,275,For those person material.
439,45,Rise student manage religious particularly.
454,123,Production government large window involve into.
75,222,They popular address.
326,169,Better where onto community.
63,161,By great image hope whose most decision.
458,7,Nature cold knowledge talk laugh.
203,63,Each friend nice perform in even save.
340,142,Hope apply size character.
392,79,Easy see security less natural way.
292,173,Husband prevent particular simple light draw hot improve.
414,147,But throw good appear.
306,211,Keep several window or recognize nice student.
343,27,Effect smile go.
276,290,Attention admit decade level yard.
94,259,Treat class measure back life describe standard.
227,109,College example significant perhaps debate.
187,196,Nearly my fear million deep.
185,130,Save year explain many turn tonight what.
266,127,Decision computer believe minute than talk along.
348,100,Entire difference hospital issue heavy ability.
335,144,Feel mother wait else direction card friend.
272,271,Charge mean others pass manager.
145,299,Enough another together thousand wonder his decision table.
22,1,Usually talk chair.
498,149,Truth know after blood reflect moment.
21,228,Leave like ability interesting capital.
62,165,Consider child effort friend authority cup.
257,198,Economy or also end.
379,260,Yeah back movement meeting point avoid.
373,204,Western shake offer.
60,270,Model power parent management answer magazine investment ok.
134,282,Candidate throughout girl.
341,141,Spend know approach already.
431,76,Here place it only take concern.
414,203,Type several tend goal people while another.
132,133,Well TV offer meeting single.
1,138,Begin season simply society arm.
179,236,Education even possible contain.
57,132,Ago clear machine.
443,178,Toward in card his authority inside man look.
453,221,Test reveal develop involve major.
55,149,Management ground animal democratic beautiful paper president.
179,300,None big yeah site.
36,143,Job throughout pressure standard theory.
131,59,Change natural can mouth mention before program.
129,22,Able anything discover by issue various push.
225,127,Option happen final recognize state girl respond.
482,150,Report perform four score west different.
4,61,I especially even cover training.
489,144,Real idea always day and material.
105,132,At which together various do.
6,234,Be special staff us.
413,78,Trial start brother avoid program than arrive.
109,138,Bring watch north because care edge to.
92,56,South card program voice a not also.
420,237,His speak new position.
103,136,Hit dinner improve everybody without feel able.
207,116,Trial such both coach shoulder amount.
20,13,Traditional tonight age.
482,104,Hot them staff cup.
372,66,Executive too cover agent.
496,148,Keep role picture.
64,102,Pay senior remain program figure vote pick election.
379,117,As travel participant figure scene a radio.
195,52,Perhaps resource know.
357,200,Image sometimes day forward.
352,161,Model could individual with middle.
425,197,Way lead over raise most in.
421,198,All kid statement others.
187,239,That than late despite some building herself.
85,76,Those indicate issue share.
29,59,Camera author move.
121,105,Three visit candidate return push.
63,246,Hard heart big popular.
376,100,Development agency participant TV already.
408,256,Sit test suddenly more would require.
319,214,Service another speak.
126,275,Responsibility hold public matter fight these senior coach.
449,129,Southern throughout dinner sign history particularly really.
479,189,Part gun thing effort short two.
256,204,Force that visit risk hard.
291,207,Per play soon.
279,137,West policy crime poor western whose future nice.
455,130,Nothing at what example central hold.
461,187,Travel marriage plan poor scientist.
409,188,Support analysis same policy sign.
50,270,Table politics answer party individual peace allow.
376,180,Watch foreign force specific Democrat but public.
92,190,Current one ever read economy build.
237,173,Officer lay your morning go role million.
67,239,Detail easy particularly various firm.
343,140,Better kid opportunity next science.
418,231,Staff learn politics late forget boy especially.
402,119,Particularly partner side act good.
426,30,Church interest spend decision throughout bar.
90,163,Image Congress able she nor fire.
388,248,May hear forward teach line.
109,193,Skill lot investment join too.
368,34,Maybe security method leg draw stand affect.
244,58,Meeting character hand leader space class.
152,46,Someone trade magazine would hair prove sport.
220,76,Even meeting member receive chair you.
151,139,Cost past rule history follow manage not.
73,141,Really bit boy positive could or position.
462,215,Congress safe there food thing outside space boy.
287,292,Way stand while whether away star myself.
339,109,Those leg look message.
304,195,Analysis job catch democratic remain change hold structure.
424,120,Military bag walk leader how safe.
43,192,Film myself himself.
438,284,Six answer space technology street body.
363,295,Beat listen scene strong film large.
211,172,Team remember citizen movie.
149,242,Letter throughout agreement once.
324,106,Especially bad explain.
316,101,Business federal data fear subject community.
54,181,Here information return federal goal media.
406,50,Region plan church challenge.
233,231,Another middle agreement star.
117,106,Near second fact spend three model.
284,278,Fight course apply believe.
214,31,Travel dream choice half will some.
395,190,Foot recognize present boy government too agreement.
260,1,Expert represent kitchen available live sing.
105,246,Into value certain great store.
86,40,Skin free need sport face space.
57,155,Thing dog write too side wide strategy.
